Function Name,Start Time,End Time
autocomplete/uspresidents,1589177854.8534899,1589177855.0492823
autocomplete/uspresidents,1589177854.8639357,1589177855.071642
autocomplete/uspresidents,1589177854.9368908,1589177855.073029
autocomplete/uspresidents,1589177854.9393163,1589177855.0908635
autocomplete/uspresidents,1589177854.9444888,1589177855.0908654
autocomplete/uspresidents,1589177854.857044,1589177855.0955722
autocomplete/uspresidents,1589177854.8596125,1589177855.098935
autocomplete/uspresidents,1589177854.8550308,1589177855.1096199
autocomplete/uspresidents,1589177854.9348626,1589177855.1101415
autocomplete/uspresidents,1589177854.869913,1589177855.1176558
