Function Name,Start Time,End Time
primes,1589260979.2301605,1589260979.8952
primes,1589260979.9409487,1589260981.1077988
primes,1589260980.144817,1589260982.2760057
primes,1589260979.4326074,1589260984.8345602
primes,1589260979.3313854,1589260986.0813327
primes,1589260979.534671,1589260986.1334758
primes,1589260979.737581,1589260987.0225747
primes,1589260980.0435843,1589260988.0255432
primes,1589260979.8391945,1589260989.0133414
primes,1589260979.6360176,1589260989.333214
